iteration,reward,timestamp
1,0.1934,2026-01-29 01:39:35
2,0.1782,2026-01-29 01:39:35
3,0.1399,2026-01-29 01:39:35
4,0.1239,2026-01-29 01:39:35
5,0.2737,2026-01-29 01:39:35
6,0.2074,2026-01-29 01:39:35
7,0.1544,2026-01-29 01:39:35
8,0.1719,2026-01-29 01:39:35
9,0.2741,2026-01-29 01:39:35
10,0.3529,2026-01-29 01:39:35
11,0.1716,2026-01-29 01:39:35
12,0.2784,2026-01-29 01:39:35
13,0.1876,2026-01-29 01:39:35
14,0.1747,2026-01-29 01:39:35
15,0.2007,2026-01-29 01:39:35
16,0.1613,2026-01-29 01:39:35
17,0.1383,2026-01-29 01:39:35
18,0.2337,2026-01-29 01:39:35
19,0.1580,2026-01-29 01:39:35
20,0.1313,2026-01-29 01:39:35
21,0.1790,2026-01-29 01:39:35
22,0.2195,2026-01-29 01:39:35
23,0.1204,2026-01-29 01:39:35
24,0.1800,2026-01-29 01:39:35
25,0.1542,2026-01-29 01:39:35
26,0.1832,2026-01-29 01:39:35
27,0.1932,2026-01-29 01:39:35
28,0.1342,2026-01-29 01:39:35
29,0.1683,2026-01-29 01:39:35
30,0.1329,2026-01-29 01:39:35
31,0.1902,2026-01-29 01:39:35
32,0.1187,2026-01-29 01:39:35
33,0.2011,2026-01-29 01:39:35
34,0.1641,2026-01-29 01:39:35
35,0.1230,2026-01-29 01:39:35
36,0.0996,2026-01-29 01:39:35
37,0.1567,2026-01-29 01:39:35
38,0.1612,2026-01-29 01:39:35
39,0.1517,2026-01-29 01:39:35
40,0.1950,2026-01-29 01:39:35
41,0.1210,2026-01-29 01:39:35
42,0.2082,2026-01-29 01:39:35
43,0.1594,2026-01-29 01:39:35
44,0.1434,2026-01-29 01:39:35
45,0.1566,2026-01-29 01:39:35
46,0.1081,2026-01-29 01:39:35
47,0.1698,2026-01-29 01:39:35
48,0.1744,2026-01-29 01:39:35
49,0.1627,2026-01-29 01:39:35
50,0.1332,2026-01-29 01:39:35
51,0.1328,2026-01-29 01:39:35
52,0.1735,2026-01-29 01:39:35
53,0.1364,2026-01-29 01:39:35
54,0.1353,2026-01-29 01:39:35
55,0.1402,2026-01-29 01:39:35
56,0.1130,2026-01-29 01:39:35
57,0.1357,2026-01-29 01:39:35
58,0.1199,2026-01-29 01:39:35
59,0.1372,2026-01-29 01:39:35
60,0.1144,2026-01-29 01:39:35
61,0.1380,2026-01-29 01:39:35
62,0.1311,2026-01-29 01:39:35
63,0.1113,2026-01-29 01:39:35
64,0.1132,2026-01-29 01:39:35
65,0.1164,2026-01-29 01:39:35
66,0.1353,2026-01-29 01:39:35
67,0.1206,2026-01-29 01:39:35
68,0.1072,2026-01-29 01:39:35
69,0.0946,2026-01-29 01:39:35
70,0.0795,2026-01-29 01:39:35
71,0.0775,2026-01-29 01:39:35
72,0.0812,2026-01-29 01:39:35
73,0.0862,2026-01-29 01:39:35
74,0.0798,2026-01-29 01:39:35
75,0.1191,2026-01-29 01:39:35
76,0.0864,2026-01-29 01:39:35
77,0.1175,2026-01-29 01:39:35
78,0.0951,2026-01-29 01:39:35
79,0.0888,2026-01-29 01:39:35
80,0.0999,2026-01-29 01:39:35
81,0.0782,2026-01-29 01:39:35
82,0.0871,2026-01-29 01:39:35
83,0.0670,2026-01-29 01:39:35
84,0.0809,2026-01-29 01:39:35
85,0.1682,2026-01-29 01:39:35
86,0.2895,2026-01-29 01:39:35
87,0.4156,2026-01-29 01:39:35
88,0.4196,2026-01-29 01:39:35
89,0.2317,2026-01-29 01:39:35
90,0.1631,2026-01-29 01:39:35
91,0.2407,2026-01-29 01:39:36
92,0.1693,2026-01-29 01:39:36
93,0.2476,2026-01-29 01:39:36
94,0.1753,2026-01-29 01:39:36
95,0.2080,2026-01-29 01:39:36
96,0.1917,2026-01-29 01:39:36
97,0.1559,2026-01-29 01:39:36
98,0.1781,2026-01-29 01:39:36
99,0.1926,2026-01-29 01:39:36
100,0.2094,2026-01-29 01:39:36
101,0.1570,2026-01-29 01:39:36
102,0.1720,2026-01-29 01:39:36
103,0.2859,2026-01-29 01:39:36
104,0.1749,2026-01-29 01:39:36
105,0.1841,2026-01-29 01:39:36
106,0.1825,2026-01-29 01:39:36
107,0.2033,2026-01-29 01:39:36
108,0.1602,2026-01-29 01:39:36
109,0.1667,2026-01-29 01:39:36
110,0.1904,2026-01-29 01:39:36
111,0.1208,2026-01-29 01:39:36
112,0.1546,2026-01-29 01:39:36
113,0.1760,2026-01-29 01:39:36
114,0.2301,2026-01-29 01:39:36
115,0.1429,2026-01-29 01:39:36
116,0.1788,2026-01-29 01:39:36
117,0.1821,2026-01-29 01:39:36
118,0.1390,2026-01-29 01:39:36
119,0.1526,2026-01-29 01:39:36
120,0.1536,2026-01-29 01:39:36
121,0.1793,2026-01-29 01:39:36
122,0.1814,2026-01-29 01:39:36
123,0.1307,2026-01-29 01:39:36
124,0.1375,2026-01-29 01:39:36
125,0.2038,2026-01-29 01:39:36
126,0.1824,2026-01-29 01:39:36
127,0.1569,2026-01-29 01:39:36
128,0.1240,2026-01-29 01:39:36
129,0.1465,2026-01-29 01:39:36
130,0.1367,2026-01-29 01:39:36
131,0.2105,2026-01-29 01:39:36
132,0.1557,2026-01-29 01:39:36
133,0.1026,2026-01-29 01:39:36
134,0.1397,2026-01-29 01:39:36
135,0.1094,2026-01-29 01:39:36
136,0.1342,2026-01-29 01:39:36
137,0.1451,2026-01-29 01:39:36
138,0.1900,2026-01-29 01:39:36
139,0.1922,2026-01-29 01:39:36
140,0.1730,2026-01-29 01:39:36
141,0.1478,2026-01-29 01:39:36
142,0.1981,2026-01-29 01:39:36
143,0.1443,2026-01-29 01:39:36
144,0.1633,2026-01-29 01:39:36
145,0.1535,2026-01-29 01:39:36
146,0.2001,2026-01-29 01:39:36
147,0.1568,2026-01-29 01:39:36
148,0.0598,2026-01-29 01:39:36
149,0.2144,2026-01-29 01:39:36
150,0.1088,2026-01-29 01:39:36
151,0.1057,2026-01-29 01:39:36
152,0.1661,2026-01-29 01:39:36
153,0.0618,2026-01-29 01:39:36
154,0.1294,2026-01-29 01:39:36
155,0.1359,2026-01-29 01:39:36
156,0.1115,2026-01-29 01:39:36
157,0.1477,2026-01-29 01:39:36
158,0.1489,2026-01-29 01:39:36
159,0.1320,2026-01-29 01:39:36
160,0.1258,2026-01-29 01:39:36
161,0.2510,2026-01-29 01:39:36
162,0.0959,2026-01-29 01:39:36
163,0.1693,2026-01-29 01:39:36
164,0.1101,2026-01-29 01:39:36
165,0.1267,2026-01-29 01:39:36
166,0.3578,2026-01-29 01:39:36
167,0.3608,2026-01-29 01:39:36
168,0.1701,2026-01-29 01:39:36
169,0.2199,2026-01-29 01:39:36
170,0.3556,2026-01-29 01:39:36
171,0.1818,2026-01-29 01:39:36
172,0.2254,2026-01-29 01:39:36
173,0.1230,2026-01-29 01:39:36
174,0.2084,2026-01-29 01:39:36
175,0.0640,2026-01-29 01:39:36
176,0.0797,2026-01-29 01:39:36
177,0.0641,2026-01-29 01:39:36
178,0.1037,2026-01-29 01:39:36
179,0.0594,2026-01-29 01:39:36
180,0.1205,2026-01-29 01:39:36
181,0.1149,2026-01-29 01:39:36
182,0.0787,2026-01-29 01:39:36
183,0.0841,2026-01-29 01:39:36
184,0.2479,2026-01-29 01:39:36
185,0.2876,2026-01-29 01:39:36
186,0.2220,2026-01-29 01:39:36
187,0.2863,2026-01-29 01:39:36
188,0.2159,2026-01-29 01:39:36
189,0.0893,2026-01-29 01:39:36
190,0.2879,2026-01-29 01:39:36
191,0.2774,2026-01-29 01:39:36
192,0.2005,2026-01-29 01:39:36
193,0.3641,2026-01-29 01:39:36
194,0.3691,2026-01-29 01:39:36
195,0.3867,2026-01-29 01:39:36
196,0.3621,2026-01-29 01:39:36
197,0.3676,2026-01-29 01:39:36
198,0.3681,2026-01-29 01:39:36
199,0.3562,2026-01-29 01:39:36
200,0.1848,2026-01-29 01:39:36
201,0.3673,2026-01-29 01:39:36
202,0.3510,2026-01-29 01:39:36
203,0.3525,2026-01-29 01:39:36
204,0.3408,2026-01-29 01:39:36
205,0.3612,2026-01-29 01:39:36
206,0.3569,2026-01-29 01:39:36
207,0.3700,2026-01-29 01:39:36
208,0.2049,2026-01-29 01:39:36
209,0.3493,2026-01-29 01:39:36
210,0.3562,2026-01-29 01:39:36
211,0.2361,2026-01-29 01:39:36
212,0.2437,2026-01-29 01:39:36
213,0.3470,2026-01-29 01:39:36
214,0.3633,2026-01-29 01:39:36
215,0.2783,2026-01-29 01:39:36
216,0.3496,2026-01-29 01:39:36
217,0.3826,2026-01-29 01:39:36
218,0.3521,2026-01-29 01:39:36
219,0.3552,2026-01-29 01:39:36
220,0.3551,2026-01-29 01:39:36
221,0.2219,2026-01-29 01:39:36
222,0.3626,2026-01-29 01:39:36
223,0.3621,2026-01-29 01:39:36
224,0.3559,2026-01-29 01:39:36
225,0.3653,2026-01-29 01:39:36
226,0.1814,2026-01-29 01:39:36
227,0.3605,2026-01-29 01:39:36
228,0.3647,2026-01-29 01:39:36
229,0.3606,2026-01-29 01:39:36
230,0.3550,2026-01-29 01:39:36
231,0.3604,2026-01-29 01:39:36
232,0.3718,2026-01-29 01:39:36
233,0.1711,2026-01-29 01:39:36
234,0.3565,2026-01-29 01:39:36
235,0.3566,2026-01-29 01:39:36
236,0.3573,2026-01-29 01:39:36
237,0.3547,2026-01-29 01:39:36
238,0.3491,2026-01-29 01:39:36
239,0.2747,2026-01-29 01:39:36
240,0.2111,2026-01-29 01:39:36
241,0.4206,2026-01-29 01:39:36
242,0.4148,2026-01-29 01:39:36
243,0.1919,2026-01-29 01:39:36
244,0.4236,2026-01-29 01:39:36
245,0.4115,2026-01-29 01:39:36
246,0.4106,2026-01-29 01:39:36
247,0.4143,2026-01-29 01:39:36
248,0.2009,2026-01-29 01:39:36
249,0.4193,2026-01-29 01:39:36
250,0.4154,2026-01-29 01:39:36
251,0.4301,2026-01-29 01:39:36
252,0.2559,2026-01-29 01:39:36
253,0.4105,2026-01-29 01:39:36
254,0.4177,2026-01-29 01:39:36
255,0.4089,2026-01-29 01:39:36
256,0.2637,2026-01-29 01:39:36
257,0.4159,2026-01-29 01:39:36
258,0.4196,2026-01-29 01:39:36
259,0.4036,2026-01-29 01:39:36
260,0.1847,2026-01-29 01:39:36
261,0.4212,2026-01-29 01:39:36
262,0.4157,2026-01-29 01:39:36
263,0.2971,2026-01-29 01:39:36
264,0.4121,2026-01-29 01:39:36
265,0.4173,2026-01-29 01:39:36
266,0.4209,2026-01-29 01:39:36
267,0.4240,2026-01-29 01:39:36
268,0.1933,2026-01-29 01:39:36
269,0.4071,2026-01-29 01:39:36
270,0.2642,2026-01-29 01:39:36
271,0.4206,2026-01-29 01:39:36
272,0.4136,2026-01-29 01:39:36
273,0.4124,2026-01-29 01:39:36
274,0.4147,2026-01-29 01:39:36
275,0.1783,2026-01-29 01:39:36
276,0.4140,2026-01-29 01:39:36
277,0.4193,2026-01-29 01:39:36
278,0.4094,2026-01-29 01:39:36
279,0.4148,2026-01-29 01:39:36
280,0.4109,2026-01-29 01:39:36
281,0.4302,2026-01-29 01:39:36
282,0.4145,2026-01-29 01:39:36
283,0.4205,2026-01-29 01:39:36
284,0.1821,2026-01-29 01:39:36
285,0.4149,2026-01-29 01:39:36
286,0.4302,2026-01-29 01:39:36
287,0.4288,2026-01-29 01:39:37
288,0.1982,2026-01-29 01:39:37
289,0.4168,2026-01-29 01:39:37
290,0.4156,2026-01-29 01:39:37
291,0.4078,2026-01-29 01:39:37
292,0.4132,2026-01-29 01:39:37
293,0.4224,2026-01-29 01:39:37
294,0.4121,2026-01-29 01:39:37
295,0.4158,2026-01-29 01:39:37
296,0.4220,2026-01-29 01:39:37
297,0.4171,2026-01-29 01:39:37
298,0.4113,2026-01-29 01:39:37
299,0.2401,2026-01-29 01:39:37
300,0.4101,2026-01-29 01:39:37
301,0.4276,2026-01-29 01:39:37
302,0.4191,2026-01-29 01:39:37
303,0.4192,2026-01-29 01:39:37
304,0.4216,2026-01-29 01:39:37
305,0.4146,2026-01-29 01:39:37
306,0.4078,2026-01-29 01:39:37
307,0.4162,2026-01-29 01:39:37
308,0.3336,2026-01-29 01:39:37
309,0.4270,2026-01-29 01:39:37
310,0.4153,2026-01-29 01:39:37
311,0.4173,2026-01-29 01:39:37
312,0.4121,2026-01-29 01:39:37
313,0.4225,2026-01-29 01:39:37
314,0.4079,2026-01-29 01:39:37
315,0.1754,2026-01-29 01:39:37
316,0.4190,2026-01-29 01:39:37
317,0.4174,2026-01-29 01:39:37
318,0.4136,2026-01-29 01:39:37
319,0.4136,2026-01-29 01:39:37
320,0.4173,2026-01-29 01:39:37
321,0.4098,2026-01-29 01:39:37
322,0.4207,2026-01-29 01:39:37
323,0.4104,2026-01-29 01:39:37
324,0.4028,2026-01-29 01:39:37
325,0.4169,2026-01-29 01:39:37
326,0.4286,2026-01-29 01:39:37
327,0.1920,2026-01-29 01:39:37
328,0.4239,2026-01-29 01:39:37
329,0.2963,2026-01-29 01:39:37
330,0.3922,2026-01-29 01:39:37
331,0.4245,2026-01-29 01:39:37
332,0.4267,2026-01-29 01:39:37
333,0.3935,2026-01-29 01:39:37
334,0.4446,2026-01-29 01:39:37
335,0.4289,2026-01-29 01:39:37
336,0.4310,2026-01-29 01:39:37
337,0.4504,2026-01-29 01:39:37
338,0.2755,2026-01-29 01:39:37
339,0.1779,2026-01-29 01:39:37
340,0.4196,2026-01-29 01:39:37
341,0.4256,2026-01-29 01:39:37
342,0.4261,2026-01-29 01:39:37
343,0.4280,2026-01-29 01:39:37
344,0.4442,2026-01-29 01:39:37
345,0.4364,2026-01-29 01:39:37
346,0.4465,2026-01-29 01:39:37
347,0.4246,2026-01-29 01:39:37
348,0.4362,2026-01-29 01:39:37
349,0.4010,2026-01-29 01:39:37
350,0.4363,2026-01-29 01:39:37
351,0.4297,2026-01-29 01:39:37
352,0.4304,2026-01-29 01:39:37
353,0.4395,2026-01-29 01:39:37
354,0.4124,2026-01-29 01:39:37
355,0.4253,2026-01-29 01:39:37
356,0.2532,2026-01-29 01:39:37
357,0.4297,2026-01-29 01:39:37
358,0.4412,2026-01-29 01:39:37
359,0.4251,2026-01-29 01:39:37
360,0.4323,2026-01-29 01:39:37
361,0.4311,2026-01-29 01:39:37
362,0.4301,2026-01-29 01:39:37
363,0.4360,2026-01-29 01:39:37
364,0.1936,2026-01-29 01:39:37
365,0.4192,2026-01-29 01:39:37
366,0.4236,2026-01-29 01:39:37
367,0.2167,2026-01-29 01:39:37
368,0.4348,2026-01-29 01:39:37
369,0.4289,2026-01-29 01:39:37
370,0.4245,2026-01-29 01:39:37
371,0.4325,2026-01-29 01:39:37
372,0.4171,2026-01-29 01:39:37
373,0.4162,2026-01-29 01:39:37
374,0.4143,2026-01-29 01:39:37
375,0.4341,2026-01-29 01:39:37
376,0.4317,2026-01-29 01:39:37
377,0.4204,2026-01-29 01:39:37
378,0.4194,2026-01-29 01:39:37
379,0.4241,2026-01-29 01:39:37
380,0.4282,2026-01-29 01:39:37
381,0.4141,2026-01-29 01:39:37
382,0.4212,2026-01-29 01:39:37
383,0.4273,2026-01-29 01:39:37
384,0.4179,2026-01-29 01:39:37
385,0.4336,2026-01-29 01:39:37
386,0.4179,2026-01-29 01:39:37
387,0.4349,2026-01-29 01:39:37
388,0.4303,2026-01-29 01:39:37
389,0.4038,2026-01-29 01:39:37
390,0.4125,2026-01-29 01:39:37
391,0.4304,2026-01-29 01:39:37
392,0.4218,2026-01-29 01:39:37
393,0.4480,2026-01-29 01:39:37
394,0.2677,2026-01-29 01:39:37
395,0.2066,2026-01-29 01:39:37
396,0.4367,2026-01-29 01:39:37
397,0.4257,2026-01-29 01:39:37
398,0.4276,2026-01-29 01:39:37
399,0.4265,2026-01-29 01:39:37
400,0.4285,2026-01-29 01:39:37
401,0.4336,2026-01-29 01:39:37
402,0.4203,2026-01-29 01:39:37
403,0.4198,2026-01-29 01:39:37
404,0.4335,2026-01-29 01:39:37
405,0.4323,2026-01-29 01:39:37
406,0.4308,2026-01-29 01:39:37
407,0.4235,2026-01-29 01:39:37
408,0.4396,2026-01-29 01:39:37
409,0.4314,2026-01-29 01:39:37
410,0.4276,2026-01-29 01:39:37
411,0.4240,2026-01-29 01:39:37
412,0.4320,2026-01-29 01:39:37
413,0.4302,2026-01-29 01:39:37
414,0.4280,2026-01-29 01:39:37
415,0.4246,2026-01-29 01:39:37
416,0.4195,2026-01-29 01:39:37
417,0.4176,2026-01-29 01:39:37
418,0.4259,2026-01-29 01:39:37
419,0.4215,2026-01-29 01:39:37
420,0.4227,2026-01-29 01:39:37
421,0.4227,2026-01-29 01:39:37
422,0.4188,2026-01-29 01:39:37
423,0.4419,2026-01-29 01:39:37
424,0.4245,2026-01-29 01:39:37
425,0.4230,2026-01-29 01:39:37
426,0.4295,2026-01-29 01:39:37
427,0.4302,2026-01-29 01:39:37
428,0.4238,2026-01-29 01:39:37
429,0.4241,2026-01-29 01:39:37
430,0.4308,2026-01-29 01:39:37
431,0.2392,2026-01-29 01:39:37
432,0.4632,2026-01-29 01:39:37
433,0.4271,2026-01-29 01:39:37
434,0.4356,2026-01-29 01:39:37
435,0.4252,2026-01-29 01:39:37
436,0.4443,2026-01-29 01:39:37
437,0.4313,2026-01-29 01:39:37
438,0.4417,2026-01-29 01:39:37
439,0.4317,2026-01-29 01:39:37
440,0.2362,2026-01-29 01:39:37
441,0.4172,2026-01-29 01:39:37
442,0.4310,2026-01-29 01:39:37
443,0.4124,2026-01-29 01:39:37
444,0.4339,2026-01-29 01:39:37
445,0.4380,2026-01-29 01:39:37
446,0.4239,2026-01-29 01:39:37
447,0.4188,2026-01-29 01:39:37
448,0.4131,2026-01-29 01:39:37
449,0.4292,2026-01-29 01:39:37
450,0.4364,2026-01-29 01:39:37
451,0.2090,2026-01-29 01:39:37
452,0.4379,2026-01-29 01:39:37
453,0.4297,2026-01-29 01:39:37
454,0.4292,2026-01-29 01:39:37
455,0.4301,2026-01-29 01:39:37
456,0.4282,2026-01-29 01:39:37
457,0.4214,2026-01-29 01:39:37
458,0.4315,2026-01-29 01:39:37
459,0.4216,2026-01-29 01:39:37
460,0.1648,2026-01-29 01:39:37
461,0.4375,2026-01-29 01:39:37
462,0.4278,2026-01-29 01:39:37
463,0.4220,2026-01-29 01:39:37
464,0.4307,2026-01-29 01:39:37
465,0.4264,2026-01-29 01:39:37
466,0.4517,2026-01-29 01:39:37
467,0.4364,2026-01-29 01:39:37
468,0.4222,2026-01-29 01:39:37
469,0.4163,2026-01-29 01:39:37
470,0.4294,2026-01-29 01:39:37
471,0.2013,2026-01-29 01:39:37
472,0.4399,2026-01-29 01:39:37
473,0.2120,2026-01-29 01:39:37
474,0.2868,2026-01-29 01:39:37
475,0.2576,2026-01-29 01:39:37
476,0.2165,2026-01-29 01:39:37
477,0.2553,2026-01-29 01:39:37
478,0.2565,2026-01-29 01:39:37
479,0.2492,2026-01-29 01:39:38
480,0.2308,2026-01-29 01:39:38
481,0.4289,2026-01-29 01:39:38
482,0.4145,2026-01-29 01:39:38
483,0.4426,2026-01-29 01:39:38
484,0.4477,2026-01-29 01:39:38
485,0.4290,2026-01-29 01:39:38
486,0.4189,2026-01-29 01:39:38
487,0.4333,2026-01-29 01:39:38
488,0.4638,2026-01-29 01:39:38
489,0.4241,2026-01-29 01:39:38
490,0.4476,2026-01-29 01:39:38
491,0.4331,2026-01-29 01:39:38
492,0.4251,2026-01-29 01:39:38
493,0.4284,2026-01-29 01:39:38
494,0.4319,2026-01-29 01:39:38
495,0.4205,2026-01-29 01:39:38
496,0.4369,2026-01-29 01:39:38
497,0.4299,2026-01-29 01:39:38
498,0.4205,2026-01-29 01:39:38
499,0.4328,2026-01-29 01:39:38
500,0.4233,2026-01-29 01:39:38
501,0.4233,2026-01-29 01:39:38
502,0.4353,2026-01-29 01:39:38
503,0.1676,2026-01-29 01:39:38
504,0.4290,2026-01-29 01:39:38
505,0.4226,2026-01-29 01:39:38
506,0.2117,2026-01-29 01:39:38
507,0.1987,2026-01-29 01:39:38
508,0.3312,2026-01-29 01:39:38
509,0.3250,2026-01-29 01:39:38
510,0.3318,2026-01-29 01:39:38
511,0.3239,2026-01-29 01:39:38
512,0.3297,2026-01-29 01:39:38
513,0.3355,2026-01-29 01:39:38
514,0.3353,2026-01-29 01:39:38
515,0.3272,2026-01-29 01:39:38
516,0.3547,2026-01-29 01:39:38
517,0.3277,2026-01-29 01:39:38
518,0.3224,2026-01-29 01:39:38
519,0.3462,2026-01-29 01:39:38
520,0.3275,2026-01-29 01:39:38
521,0.3304,2026-01-29 01:39:38
522,0.3591,2026-01-29 01:39:38
523,0.3498,2026-01-29 01:39:38
524,0.3176,2026-01-29 01:39:38
525,0.3248,2026-01-29 01:39:38
526,0.2272,2026-01-29 01:39:38
527,0.3301,2026-01-29 01:39:38
528,0.3262,2026-01-29 01:39:38
529,0.3515,2026-01-29 01:39:38
530,0.3320,2026-01-29 01:39:38
531,0.3226,2026-01-29 01:39:38
532,0.3274,2026-01-29 01:39:38
533,0.3197,2026-01-29 01:39:38
534,0.3305,2026-01-29 01:39:38
535,0.3337,2026-01-29 01:39:38
536,0.3278,2026-01-29 01:39:38
537,0.3275,2026-01-29 01:39:38
538,0.3239,2026-01-29 01:39:38
539,0.3178,2026-01-29 01:39:38
540,0.3360,2026-01-29 01:39:38
541,0.3283,2026-01-29 01:39:38
542,0.3191,2026-01-29 01:39:38
543,0.3329,2026-01-29 01:39:38
544,0.3282,2026-01-29 01:39:38
545,0.3235,2026-01-29 01:39:38
546,0.3199,2026-01-29 01:39:38
547,0.3249,2026-01-29 01:39:38
548,0.3277,2026-01-29 01:39:38
549,0.3255,2026-01-29 01:39:38
550,0.3280,2026-01-29 01:39:38
551,0.3154,2026-01-29 01:39:38
552,0.3279,2026-01-29 01:39:38
553,0.3279,2026-01-29 01:39:38
554,0.3177,2026-01-29 01:39:38
555,0.3302,2026-01-29 01:39:38
556,0.3315,2026-01-29 01:39:38
557,0.3208,2026-01-29 01:39:38
558,0.3285,2026-01-29 01:39:38
559,0.3250,2026-01-29 01:39:38
560,0.3364,2026-01-29 01:39:38
561,0.3246,2026-01-29 01:39:38
562,0.3305,2026-01-29 01:39:38
563,0.3259,2026-01-29 01:39:38
564,0.3225,2026-01-29 01:39:38
565,0.3217,2026-01-29 01:39:38
566,0.3266,2026-01-29 01:39:38
567,0.3264,2026-01-29 01:39:38
568,0.3200,2026-01-29 01:39:38
569,0.3272,2026-01-29 01:39:38
570,0.3210,2026-01-29 01:39:38
571,0.3235,2026-01-29 01:39:38
572,0.3322,2026-01-29 01:39:38
573,0.3442,2026-01-29 01:39:38
574,0.3268,2026-01-29 01:39:38
575,0.3363,2026-01-29 01:39:38
576,0.3295,2026-01-29 01:39:38
577,0.3393,2026-01-29 01:39:38
578,0.3325,2026-01-29 01:39:38
579,0.3254,2026-01-29 01:39:38
580,0.3351,2026-01-29 01:39:38
581,0.3284,2026-01-29 01:39:38
582,0.3176,2026-01-29 01:39:38
583,0.3242,2026-01-29 01:39:38
584,0.3533,2026-01-29 01:39:38
585,0.1540,2026-01-29 01:39:38
586,0.1726,2026-01-29 01:39:38
587,0.2670,2026-01-29 01:39:38
588,0.2387,2026-01-29 01:39:38
589,0.2460,2026-01-29 01:39:38
590,0.2688,2026-01-29 01:39:38
591,0.1624,2026-01-29 01:39:38
592,0.1962,2026-01-29 01:39:38
593,0.2432,2026-01-29 01:39:38
594,0.2437,2026-01-29 01:39:38
595,0.2671,2026-01-29 01:39:38
596,0.3058,2026-01-29 01:39:38
597,0.2911,2026-01-29 01:39:38
598,0.2733,2026-01-29 01:39:38
599,0.1374,2026-01-29 01:39:38
600,0.2093,2026-01-29 01:39:38
601,0.2711,2026-01-29 01:39:38
602,0.2550,2026-01-29 01:39:38
603,0.2415,2026-01-29 01:39:38
604,0.2169,2026-01-29 01:39:38
605,0.1633,2026-01-29 01:39:38
606,0.1904,2026-01-29 01:39:38
607,0.2113,2026-01-29 01:39:38
608,0.1925,2026-01-29 01:39:38
609,0.2195,2026-01-29 01:39:38
610,0.2877,2026-01-29 01:39:38
611,0.3047,2026-01-29 01:39:38
612,0.2711,2026-01-29 01:39:38
613,0.2841,2026-01-29 01:39:38
614,0.1281,2026-01-29 01:39:38
615,0.2626,2026-01-29 01:39:38
616,0.2659,2026-01-29 01:39:38
617,0.2542,2026-01-29 01:39:38
618,0.2043,2026-01-29 01:39:38
619,0.2120,2026-01-29 01:39:38
620,0.3083,2026-01-29 01:39:38
621,0.2975,2026-01-29 01:39:38
622,0.2944,2026-01-29 01:39:38
623,0.2919,2026-01-29 01:39:38
624,0.3250,2026-01-29 01:39:38
625,0.2983,2026-01-29 01:39:38
626,0.3215,2026-01-29 01:39:38
627,0.2919,2026-01-29 01:39:38
628,0.2881,2026-01-29 01:39:38
629,0.2982,2026-01-29 01:39:38
630,0.2885,2026-01-29 01:39:38
631,0.2959,2026-01-29 01:39:38
632,0.2979,2026-01-29 01:39:38
633,0.2969,2026-01-29 01:39:38
634,0.2973,2026-01-29 01:39:38
635,0.2989,2026-01-29 01:39:38
636,0.2901,2026-01-29 01:39:38
637,0.3135,2026-01-29 01:39:38
638,0.3154,2026-01-29 01:39:38
639,0.2883,2026-01-29 01:39:38
640,0.2969,2026-01-29 01:39:38
641,0.2955,2026-01-29 01:39:38
642,0.2896,2026-01-29 01:39:38
643,0.3104,2026-01-29 01:39:38
644,0.2902,2026-01-29 01:39:38
645,0.2973,2026-01-29 01:39:38
646,0.2970,2026-01-29 01:39:38
647,0.2986,2026-01-29 01:39:38
648,0.2923,2026-01-29 01:39:38
649,0.2933,2026-01-29 01:39:38
650,0.1995,2026-01-29 01:39:38
651,0.2187,2026-01-29 01:39:38
652,0.2626,2026-01-29 01:39:38
653,0.2318,2026-01-29 01:39:38
654,0.2357,2026-01-29 01:39:38
655,0.2362,2026-01-29 01:39:38
656,0.2437,2026-01-29 01:39:38
657,0.2074,2026-01-29 01:39:38
658,0.2389,2026-01-29 01:39:38
659,0.2807,2026-01-29 01:39:39
660,0.2685,2026-01-29 01:39:39
661,0.2882,2026-01-29 01:39:39
662,0.2853,2026-01-29 01:39:39
663,0.2493,2026-01-29 01:39:39
664,0.2877,2026-01-29 01:39:39
665,0.2770,2026-01-29 01:39:39
666,0.2889,2026-01-29 01:39:39
667,0.2804,2026-01-29 01:39:39
668,0.2827,2026-01-29 01:39:39
669,0.3084,2026-01-29 01:39:39
670,0.2909,2026-01-29 01:39:39
671,0.2679,2026-01-29 01:39:39
672,0.2915,2026-01-29 01:39:39
673,0.2961,2026-01-29 01:39:39
674,0.2730,2026-01-29 01:39:39
675,0.2875,2026-01-29 01:39:39
676,0.2744,2026-01-29 01:39:39
677,0.3106,2026-01-29 01:39:39
678,0.2744,2026-01-29 01:39:39
679,0.2783,2026-01-29 01:39:39
680,0.2759,2026-01-29 01:39:39
681,0.2798,2026-01-29 01:39:39
682,0.2603,2026-01-29 01:39:39
683,0.2255,2026-01-29 01:39:39
684,0.2117,2026-01-29 01:39:39
685,0.2033,2026-01-29 01:39:39
686,0.2054,2026-01-29 01:39:39
687,0.2152,2026-01-29 01:39:39
688,0.2061,2026-01-29 01:39:39
689,0.1667,2026-01-29 01:39:39
690,0.1943,2026-01-29 01:39:39
691,0.2041,2026-01-29 01:39:39
692,0.1641,2026-01-29 01:39:39
693,0.2241,2026-01-29 01:39:39
694,0.1904,2026-01-29 01:39:39
695,0.2948,2026-01-29 01:39:39
696,0.2707,2026-01-29 01:39:39
697,0.2938,2026-01-29 01:39:39
698,0.2786,2026-01-29 01:39:39
699,0.2881,2026-01-29 01:39:39
700,0.2899,2026-01-29 01:39:39
701,0.2824,2026-01-29 01:39:39
702,0.2952,2026-01-29 01:39:39
703,0.2781,2026-01-29 01:39:39
704,0.2941,2026-01-29 01:39:39
705,0.2990,2026-01-29 01:39:39
706,0.3147,2026-01-29 01:39:39
707,0.2865,2026-01-29 01:39:39
708,0.3041,2026-01-29 01:39:39
709,0.2750,2026-01-29 01:39:39
710,0.2871,2026-01-29 01:39:39
711,0.2802,2026-01-29 01:39:39
712,0.2975,2026-01-29 01:39:39
713,0.2763,2026-01-29 01:39:39
714,0.2882,2026-01-29 01:39:39
715,0.2767,2026-01-29 01:39:39
716,0.2799,2026-01-29 01:39:39
717,0.2935,2026-01-29 01:39:39
718,0.2967,2026-01-29 01:39:39
719,0.2859,2026-01-29 01:39:39
720,0.2872,2026-01-29 01:39:39
721,0.2871,2026-01-29 01:39:39
722,0.2882,2026-01-29 01:39:39
723,0.2940,2026-01-29 01:39:39
724,0.2776,2026-01-29 01:39:39
725,0.2661,2026-01-29 01:39:39
726,0.1614,2026-01-29 01:39:39
727,0.1998,2026-01-29 01:39:39
728,0.2365,2026-01-29 01:39:39
729,0.2266,2026-01-29 01:39:39
730,0.2226,2026-01-29 01:39:39
731,0.2140,2026-01-29 01:39:39
732,0.2350,2026-01-29 01:39:39
733,0.2322,2026-01-29 01:39:39
734,0.2436,2026-01-29 01:39:39
735,0.2573,2026-01-29 01:39:39
736,0.2336,2026-01-29 01:39:39
737,0.2369,2026-01-29 01:39:39
738,0.2408,2026-01-29 01:39:39
739,0.2165,2026-01-29 01:39:39
740,0.2245,2026-01-29 01:39:39
741,0.2263,2026-01-29 01:39:39
742,0.2148,2026-01-29 01:39:39
743,0.2699,2026-01-29 01:39:39
744,0.1513,2026-01-29 01:39:39
745,0.1939,2026-01-29 01:39:39
746,0.1969,2026-01-29 01:39:39
747,0.1922,2026-01-29 01:39:39
748,0.2554,2026-01-29 01:39:39
749,0.2516,2026-01-29 01:39:39
750,0.2409,2026-01-29 01:39:39
751,0.2260,2026-01-29 01:39:39
752,0.2918,2026-01-29 01:39:39
753,0.2656,2026-01-29 01:39:39
754,0.2321,2026-01-29 01:39:39
755,0.2398,2026-01-29 01:39:39
756,0.2236,2026-01-29 01:39:39
757,0.2265,2026-01-29 01:39:39
758,0.2243,2026-01-29 01:39:39
759,0.2195,2026-01-29 01:39:39
760,0.2060,2026-01-29 01:39:39
761,0.2318,2026-01-29 01:39:39
762,0.2306,2026-01-29 01:39:39
763,0.2060,2026-01-29 01:39:39
764,0.2823,2026-01-29 01:39:39
765,0.2458,2026-01-29 01:39:39
766,0.2635,2026-01-29 01:39:39
767,0.2597,2026-01-29 01:39:39
768,0.1922,2026-01-29 01:39:39
769,0.3674,2026-01-29 01:39:39
770,0.3646,2026-01-29 01:39:39
771,0.3707,2026-01-29 01:39:39
772,0.3802,2026-01-29 01:39:39
773,0.3648,2026-01-29 01:39:39
774,0.3607,2026-01-29 01:39:39
775,0.3639,2026-01-29 01:39:39
776,0.3662,2026-01-29 01:39:39
777,0.3643,2026-01-29 01:39:39
778,0.3627,2026-01-29 01:39:39
779,0.3739,2026-01-29 01:39:39
780,0.3527,2026-01-29 01:39:39
781,0.3599,2026-01-29 01:39:39
782,0.3644,2026-01-29 01:39:39
783,0.3716,2026-01-29 01:39:39
784,0.3581,2026-01-29 01:39:39
785,0.3772,2026-01-29 01:39:39
786,0.3870,2026-01-29 01:39:39
787,0.3801,2026-01-29 01:39:39
788,0.3834,2026-01-29 01:39:39
789,0.3827,2026-01-29 01:39:39
790,0.3580,2026-01-29 01:39:39
791,0.3709,2026-01-29 01:39:39
792,0.3626,2026-01-29 01:39:39
793,0.3656,2026-01-29 01:39:39
794,0.3685,2026-01-29 01:39:39
795,0.3658,2026-01-29 01:39:39
796,0.3641,2026-01-29 01:39:39
797,0.3632,2026-01-29 01:39:39
798,0.3932,2026-01-29 01:39:39
799,0.3663,2026-01-29 01:39:39
800,0.3657,2026-01-29 01:39:39
801,0.3808,2026-01-29 01:39:39
802,0.3761,2026-01-29 01:39:39
803,0.3728,2026-01-29 01:39:39
804,0.3735,2026-01-29 01:39:39
805,0.3661,2026-01-29 01:39:39
806,0.3691,2026-01-29 01:39:39
807,0.3672,2026-01-29 01:39:39
808,0.3732,2026-01-29 01:39:39
809,0.3681,2026-01-29 01:39:39
810,0.3610,2026-01-29 01:39:39
811,0.3794,2026-01-29 01:39:39
812,0.3784,2026-01-29 01:39:39
813,0.3567,2026-01-29 01:39:39
814,0.3621,2026-01-29 01:39:39
815,0.3800,2026-01-29 01:39:39
816,0.3972,2026-01-29 01:39:39
817,0.3667,2026-01-29 01:39:39
818,0.3785,2026-01-29 01:39:39
819,0.3681,2026-01-29 01:39:39
820,0.3887,2026-01-29 01:39:39
821,0.3634,2026-01-29 01:39:39
822,0.3695,2026-01-29 01:39:39
823,0.3698,2026-01-29 01:39:39
824,0.3685,2026-01-29 01:39:39
825,0.3700,2026-01-29 01:39:39
826,0.3686,2026-01-29 01:39:39
827,0.3744,2026-01-29 01:39:39
828,0.3637,2026-01-29 01:39:39
829,0.3689,2026-01-29 01:39:39
830,0.3674,2026-01-29 01:39:39
831,0.3644,2026-01-29 01:39:39
832,0.3803,2026-01-29 01:39:39
833,0.3606,2026-01-29 01:39:39
834,0.3704,2026-01-29 01:39:39
835,0.3834,2026-01-29 01:39:39
836,0.3639,2026-01-29 01:39:39
837,0.3604,2026-01-29 01:39:40
838,0.3668,2026-01-29 01:39:40
839,0.3939,2026-01-29 01:39:40
840,0.3786,2026-01-29 01:39:40
841,0.3834,2026-01-29 01:39:40
842,0.3741,2026-01-29 01:39:40
843,0.3770,2026-01-29 01:39:40
844,0.1928,2026-01-29 01:39:40
845,0.3681,2026-01-29 01:39:40
846,0.3690,2026-01-29 01:39:40
847,0.3646,2026-01-29 01:39:40
848,0.3673,2026-01-29 01:39:40
849,0.3664,2026-01-29 01:39:40
850,0.3664,2026-01-29 01:39:40
851,0.3589,2026-01-29 01:39:40
852,0.3635,2026-01-29 01:39:40
853,0.3675,2026-01-29 01:39:40
854,0.2018,2026-01-29 01:39:40
855,0.3707,2026-01-29 01:39:40
856,0.3685,2026-01-29 01:39:40
857,0.3712,2026-01-29 01:39:40
858,0.3747,2026-01-29 01:39:40
859,0.3843,2026-01-29 01:39:40
860,0.3891,2026-01-29 01:39:40
861,0.3634,2026-01-29 01:39:40
862,0.3664,2026-01-29 01:39:40
863,0.3642,2026-01-29 01:39:40
864,0.3606,2026-01-29 01:39:40
865,0.3652,2026-01-29 01:39:40
866,0.3564,2026-01-29 01:39:40
867,0.3786,2026-01-29 01:39:40
868,0.3785,2026-01-29 01:39:40
869,0.3718,2026-01-29 01:39:40
870,0.3692,2026-01-29 01:39:40
871,0.3746,2026-01-29 01:39:40
872,0.3673,2026-01-29 01:39:40
873,0.3622,2026-01-29 01:39:40
874,0.3703,2026-01-29 01:39:40
875,0.3642,2026-01-29 01:39:40
876,0.3692,2026-01-29 01:39:40
877,0.3794,2026-01-29 01:39:40
878,0.3720,2026-01-29 01:39:40
879,0.3921,2026-01-29 01:39:40
880,0.3689,2026-01-29 01:39:40
881,0.3840,2026-01-29 01:39:40
882,0.3650,2026-01-29 01:39:40
883,0.3655,2026-01-29 01:39:40
884,0.3782,2026-01-29 01:39:40
885,0.3794,2026-01-29 01:39:40
886,0.3609,2026-01-29 01:39:40
887,0.3679,2026-01-29 01:39:40
888,0.3710,2026-01-29 01:39:40
889,0.3700,2026-01-29 01:39:40
890,0.3794,2026-01-29 01:39:40
891,0.3626,2026-01-29 01:39:40
892,0.3673,2026-01-29 01:39:40
893,0.3665,2026-01-29 01:39:40
894,0.3667,2026-01-29 01:39:40
895,0.3722,2026-01-29 01:39:40
896,0.3780,2026-01-29 01:39:40
897,0.3871,2026-01-29 01:39:40
898,0.3566,2026-01-29 01:39:40
899,0.3613,2026-01-29 01:39:40
900,0.3904,2026-01-29 01:39:40
901,0.3827,2026-01-29 01:39:40
902,0.3975,2026-01-29 01:39:40
903,0.3701,2026-01-29 01:39:40
904,0.3711,2026-01-29 01:39:40
905,0.3838,2026-01-29 01:39:40
906,0.3724,2026-01-29 01:39:40
907,0.3600,2026-01-29 01:39:40
908,0.3607,2026-01-29 01:39:40
909,0.3688,2026-01-29 01:39:40
910,0.3752,2026-01-29 01:39:40
911,0.3716,2026-01-29 01:39:40
912,0.4087,2026-01-29 01:39:40
913,0.1621,2026-01-29 01:39:40
914,0.3711,2026-01-29 01:39:40
915,0.3624,2026-01-29 01:39:40
916,0.3865,2026-01-29 01:39:40
917,0.3580,2026-01-29 01:39:40
918,0.3772,2026-01-29 01:39:40
919,0.3758,2026-01-29 01:39:40
920,0.3712,2026-01-29 01:39:40
921,0.3664,2026-01-29 01:39:40
922,0.3669,2026-01-29 01:39:40
923,0.3649,2026-01-29 01:39:40
924,0.3670,2026-01-29 01:39:40
925,0.3667,2026-01-29 01:39:40
926,0.3724,2026-01-29 01:39:40
927,0.3767,2026-01-29 01:39:40
928,0.3613,2026-01-29 01:39:40
929,0.3768,2026-01-29 01:39:40
930,0.3743,2026-01-29 01:39:40
931,0.3853,2026-01-29 01:39:40
932,0.3604,2026-01-29 01:39:40
933,0.3688,2026-01-29 01:39:40
934,0.3974,2026-01-29 01:39:40
935,0.3614,2026-01-29 01:39:40
936,0.3722,2026-01-29 01:39:40
937,0.3677,2026-01-29 01:39:40
938,0.3657,2026-01-29 01:39:40
939,0.3634,2026-01-29 01:39:40
940,0.3685,2026-01-29 01:39:40
941,0.3674,2026-01-29 01:39:40
942,0.3778,2026-01-29 01:39:40
943,0.3898,2026-01-29 01:39:40
944,0.3752,2026-01-29 01:39:40
945,0.3738,2026-01-29 01:39:40
946,0.3787,2026-01-29 01:39:40
947,0.3674,2026-01-29 01:39:40
948,0.3680,2026-01-29 01:39:40
949,0.3957,2026-01-29 01:39:40
950,0.3626,2026-01-29 01:39:40
951,0.3643,2026-01-29 01:39:40
952,0.3781,2026-01-29 01:39:40
953,0.3770,2026-01-29 01:39:40
954,0.3644,2026-01-29 01:39:40
955,0.3656,2026-01-29 01:39:40
956,0.3708,2026-01-29 01:39:40
957,0.3685,2026-01-29 01:39:40
958,0.3765,2026-01-29 01:39:40
959,0.3726,2026-01-29 01:39:40
960,0.3612,2026-01-29 01:39:40
961,0.3719,2026-01-29 01:39:40
962,0.3700,2026-01-29 01:39:40
963,0.3692,2026-01-29 01:39:40
964,0.3620,2026-01-29 01:39:40
965,0.3647,2026-01-29 01:39:40
966,0.3803,2026-01-29 01:39:40
967,0.3647,2026-01-29 01:39:40
968,0.3694,2026-01-29 01:39:40
969,0.3644,2026-01-29 01:39:40
970,0.3686,2026-01-29 01:39:40
971,0.3649,2026-01-29 01:39:40
972,0.3892,2026-01-29 01:39:40
973,0.3751,2026-01-29 01:39:40
974,0.3754,2026-01-29 01:39:40
975,0.3795,2026-01-29 01:39:40
976,0.3589,2026-01-29 01:39:40
977,0.3613,2026-01-29 01:39:40
978,0.3707,2026-01-29 01:39:40
979,0.3636,2026-01-29 01:39:40
980,0.3670,2026-01-29 01:39:40
981,0.3664,2026-01-29 01:39:40
982,0.3672,2026-01-29 01:39:40
983,0.3767,2026-01-29 01:39:40
984,0.3699,2026-01-29 01:39:40
985,0.3692,2026-01-29 01:39:40
986,0.3618,2026-01-29 01:39:40
987,0.3864,2026-01-29 01:39:40
988,0.3764,2026-01-29 01:39:40
989,0.3646,2026-01-29 01:39:40
990,0.3659,2026-01-29 01:39:40
991,0.3589,2026-01-29 01:39:40
992,0.3603,2026-01-29 01:39:40
993,0.3988,2026-01-29 01:39:40
994,0.3719,2026-01-29 01:39:40
995,0.3677,2026-01-29 01:39:40
996,0.3779,2026-01-29 01:39:40
997,0.3667,2026-01-29 01:39:40
998,0.3787,2026-01-29 01:39:40
999,0.3713,2026-01-29 01:39:40
1000,0.3945,2026-01-29 01:39:40
